/*
 Navicat Premium Data Transfer

 Source Server         : localhost
 Source Server Type    : MySQL
 Source Server Version : 50724
 Source Host           : localhost
 Source Database       : ddc

 Target Server Type    : MySQL
 Target Server Version : 50724
 File Encoding         : utf-8

 Date: 06/29/2019 09:14:00 AM
*/

SET NAMES utf8;
SET FOREIGN_KEY_CHECKS = 0;

-- ----------------------------
--  Table structure for `dcc_role_auth`
-- ----------------------------
DROP TABLE IF EXISTS `dcc_role_auth`;
CREATE TABLE `dcc_role_auth` (
  `id` bigint(20) NOT NULL AUTO_INCREMENT,
  `role_id` bigint(20) NOT NULL COMMENT '角色ID',
  `auth_id` bigint(20) NOT NULL COMMENT '权限ID',
  PRIMARY KEY (`id`) USING BTREE,
  UNIQUE KEY `role_id` (`role_id`,`auth_id`) USING BTREE
) ENGINE=InnoDB AUTO_INCREMENT=55 DEFAULT CHARSET=utf8 COLLATE=utf8_bin ROW_FORMAT=DYNAMIC;

-- ----------------------------
--  Records of `dcc_role_auth`
-- ----------------------------
BEGIN;
INSERT INTO `dcc_role_auth` VALUES ('1', '1', '1'), ('2', '1', '2'), ('3', '1', '3'), ('4', '1', '4'), ('5', '1', '5'), ('6', '1', '6'), ('7', '1', '7'), ('8', '1', '8'), ('9', '1', '9'), ('10', '1', '10'), ('11', '1', '11'), ('12', '1', '12'), ('13', '1', '13'), ('14', '1', '14'), ('15', '1', '15'), ('16', '1', '16'), ('17', '1', '17'), ('18', '1', '18'), ('19', '1', '19'), ('21', '1', '23'), ('22', '1', '24'), ('33', '3', '1'), ('37', '3', '2'), ('38', '3', '4'), ('34', '3', '7'), ('35', '3', '8'), ('36', '3', '9'), ('50', '5', '5'), ('53', '5', '6'), ('51', '5', '17'), ('52', '5', '18'), ('54', '5', '19'), ('39', '6', '1'), ('44', '6', '2'), ('46', '6', '3'), ('40', '6', '7'), ('41', '6', '8'), ('42', '6', '9'), ('43', '6', '10'), ('45', '6', '11'), ('47', '6', '12'), ('48', '6', '23'), ('49', '6', '24');
COMMIT;

-- ----------------------------
--  Table structure for `ddc_admin`
-- ----------------------------
DROP TABLE IF EXISTS `ddc_admin`;
CREATE TABLE `ddc_admin` (
  `id` bigint(20) NOT NULL AUTO_INCREMENT,
  `name` varchar(25) COLLATE utf8_bin NOT NULL COMMENT '姓名',
  `password` varchar(255) COLLATE utf8_bin NOT NULL COMMENT '密码 密文',
  `salt` varchar(255) COLLATE utf8_bin DEFAULT NULL COMMENT '加密盐值',
  `sex` tinyint(2) DEFAULT '0' COMMENT '性别 0 男 1 女 默认 0',
  `mobile` varchar(15) COLLATE utf8_bin DEFAULT NULL COMMENT '手机号码 ',
  `email` varchar(255) COLLATE utf8_bin DEFAULT NULL COMMENT '邮箱',
  `role_id` bigint(20) NOT NULL COMMENT '角色ID',
  `remark` varchar(255) COLLATE utf8_bin DEFAULT NULL COMMENT '备注',
  `create_by` bigint(20) NOT NULL COMMENT '创建人',
  `create_time` bigint(20) NOT NULL COMMENT '创建时间',
  `update_by` bigint(20) DEFAULT NULL COMMENT '更新人',
  `update_time` bigint(20) DEFAULT NULL COMMENT '更新时间',
  `status` tinyint(2) DEFAULT NULL COMMENT '启用、禁用  1 启用 2 禁用',
  `del_flag` tinyint(2) NOT NULL DEFAULT '0' COMMENT '删除标志 0 未删除 1 已删除 默认 0',
  PRIMARY KEY (`id`) USING BTREE,
  UNIQUE KEY `name` (`name`) USING BTREE
) ENGINE=InnoDB AUTO_INCREMENT=213 DEFAULT CHARSET=utf8 COLLATE=utf8_bin ROW_FORMAT=DYNAMIC;

-- ----------------------------
--  Records of `ddc_admin`
-- ----------------------------
BEGIN;
INSERT INTO `ddc_admin` VALUES ('1', 'root', 'f2f337ace5db36a0f83d726f31eb66ff', 'root_0ba80d42-8f92-4374-85be-fef484195bcc', '0', '13812341234', 'hello@qq.com', '1', null, '0', '1560619499537', '0', '1560619499537', '1', '0'), ('113', 'admin_0', 'e813354ff59eaf46e58867d5e6dae31d', 'admin_0_2bd97eea-a022-4145-8a6e-eba063482150', '0', '13812341234', 'hello@qq.com', '3', null, '1', '1561731183150', '1', '1561731183150', '1', '0'), ('114', 'admin_1', '7c1556fcea78e024eb962c9f2bbeecd8', 'admin_1_0660fadc-78a0-4ce6-b373-1b4663f0efca', '0', '13812341234', 'hello@qq.com', '3', null, '1', '1561731183520', '1', '1561731183520', '1', '0'), ('115', 'admin_2', 'b8a7089a9fa23f1f49708c7d7a86c2a4', 'admin_2_ad1bf30f-8ed5-46fe-be4b-0d66bdfc502f', '0', '13812341234', 'hello@qq.com', '3', null, '1', '1561731183533', '1', '1561731183533', '1', '0'), ('116', 'admin_3', '52693788dbc873b1256a057cef738435', 'admin_3_d16da6ad-bf1f-4324-8151-71ca7e2ab4b7', '0', '13812341234', 'hello@qq.com', '3', null, '1', '1561731183552', '1', '1561731183552', '1', '0'), ('117', 'admin_4', 'f6c696e3e940979b343a1e5b5c172f33', 'admin_4_7cdc8c5b-6863-409c-a903-36bd5b413dd1', '0', '13812341234', 'hello@qq.com', '3', null, '1', '1561731183570', '1', '1561731183570', '1', '0'), ('118', 'admin_5', '2a9c98f7fae19ec5d7d21112f43c5637', 'admin_5_3b6756d2-5098-44fc-8657-714ef089b473', '0', '13812341234', 'hello@qq.com', '3', null, '1', '1561731183587', '1', '1561731183587', '1', '0'), ('119', 'admin_6', '0dc06d75dc59510de847ac65e15b7595', 'admin_6_56170518-5e49-4f24-870a-280579c8b084', '0', '13812341234', 'hello@qq.com', '3', null, '1', '1561731183607', '1', '1561731183607', '1', '0'), ('120', 'admin_7', '753f9102cf2a5a8b44fc146bf3dd340d', 'admin_7_7fed8f18-38de-47a8-ae1e-d0fe7a00af2b', '0', '13812341234', 'hello@qq.com', '3', null, '1', '1561731183633', '1', '1561731183633', '1', '0'), ('121', 'admin_8', '30c6b4628dddc7ba374d2d8556bbd9ae', 'admin_8_69f51a06-82d9-455a-926b-e920cfecbf29', '0', '13812341234', 'hello@qq.com', '3', null, '1', '1561731183661', '1', '1561731183661', '1', '0'), ('122', 'admin_9', 'ced3a541144eafdf9a414b297057f6c5', 'admin_9_72498ded-c08b-4d77-8f0e-04105fd29aef', '0', '13812341234', 'hello@qq.com', '3', null, '1', '1561731183681', '1', '1561731183681', '1', '0'), ('123', 'admin_10', 'd5dc7f65d49f6984127f649574acff19', 'admin_10_12435e37-fa45-4916-9409-2fbaeb1aa096', '0', '13812341234', 'hello@qq.com', '3', null, '1', '1561731183696', '1', '1561731183696', '1', '0'), ('124', 'admin_11', '25acdf4cddaf4523a74d119fb298ab84', 'admin_11_cb5ecbe0-46c3-4fb2-be7e-26beb540b810', '0', '13812341234', 'hello@qq.com', '3', null, '1', '1561731183714', '1', '1561731183714', '1', '0'), ('125', 'admin_12', 'ff1126067621e1f75d555039ac9d3a00', 'admin_12_e9f317d7-66c9-4652-9adf-1e2f53648994', '0', '13812341234', 'hello@qq.com', '3', null, '1', '1561731183734', '1', '1561731183734', '1', '0'), ('126', 'admin_13', 'c6f53f6d4a3fc45bb896f62e77712bdb', 'admin_13_64de719b-134d-4224-8b41-fbe263df54d4', '0', '13812341234', 'hello@qq.com', '3', null, '1', '1561731183756', '1', '1561731183756', '1', '0'), ('127', 'admin_14', '819b5c87f593cc4afe836029f386f003', 'admin_14_47840f30-1c46-4538-b576-a9c1fa4b2ccf', '0', '13812341234', 'hello@qq.com', '3', null, '1', '1561731183774', '1', '1561731183774', '1', '0'), ('128', 'admin_15', 'c4c521201b7a98afa3d93107cb5e20c2', 'admin_15_0ba67b97-40b1-4954-9645-f7b22b684ecc', '0', '13812341234', 'hello@qq.com', '3', null, '1', '1561731183795', '1', '1561731183795', '1', '0'), ('129', 'admin_16', '499069ac6deaec690723165af83366ba', 'admin_16_d8337309-95d5-4f48-8fd6-897b63aa926c', '0', '13812341234', 'hello@qq.com', '3', null, '1', '1561731183831', '1', '1561731183831', '1', '0'), ('130', 'admin_17', '90054d93614756c85ecc09d823c8e490', 'admin_17_2ee05f1e-f11b-4e17-ad9e-25b0ffbbdc9d', '0', '13812341234', 'hello@qq.com', '3', null, '1', '1561731183845', '1', '1561731183845', '1', '0'), ('131', 'admin_18', '152bce10ce03b8731c7d816d906c32d3', 'admin_18_f05dc3b7-7b13-4ffe-b4c8-c66190986220', '0', '13812341234', 'hello@qq.com', '3', null, '1', '1561731183869', '1', '1561731183869', '1', '0'), ('132', 'admin_19', '7089c9acecd0c436681a4eb6836e6d0c', 'admin_19_dd93e257-ed69-4f7f-a2fd-684638d7e5c3', '0', '13812341234', 'hello@qq.com', '3', null, '1', '1561731183891', '1', '1561731183891', '1', '0'), ('133', 'admin_20', '91599f1910561ecdd83804127b1eadf1', 'admin_20_65ebcfab-4c2f-401f-abf2-9ab1c6636dba', '0', '13812341234', 'hello@qq.com', '3', null, '1', '1561731183906', '1', '1561731183906', '1', '0'), ('134', 'admin_21', '586004afbdd819c105de71c655ff71d0', 'admin_21_2c0dca7d-f80a-4813-8d2a-ad6d7ee4e5de', '0', '13812341234', 'hello@qq.com', '3', null, '1', '1561731183923', '1', '1561731183923', '1', '0'), ('135', 'admin_22', 'c26d5f1dea176b3ace37add27bcfa3a7', 'admin_22_267d04f1-700b-4f4c-9b58-09c5537af284', '0', '13812341234', 'hello@qq.com', '3', null, '1', '1561731183951', '1', '1561731183951', '1', '0'), ('136', 'admin_23', '6b942da8d6ea3aeb086ca6bae23da88c', 'admin_23_40e047aa-3b0b-4ff3-9817-e17db6028631', '0', '13812341234', 'hello@qq.com', '3', null, '1', '1561731183975', '1', '1561731183975', '1', '0'), ('137', 'admin_24', 'e9b63ba6909c2f1f3e8a597ccfdff4ef', 'admin_24_23f6626f-890a-40e4-8044-56fb5a7db351', '0', '13812341234', 'hello@qq.com', '3', null, '1', '1561731184004', '1', '1561731184004', '1', '0'), ('138', 'admin_25', '619f63140af1dea8e85d0f6873495eb5', 'admin_25_f734cc5f-77b8-4f06-97f7-6ca9ea213a0a', '0', '13812341234', 'hello@qq.com', '3', null, '1', '1561731184027', '1', '1561731184027', '1', '0'), ('139', 'admin_26', '88cb4a7a37b0939c73c62938245129d3', 'admin_26_bcce5b9a-c2fb-4fab-9605-f90b68cea848', '0', '13812341234', 'hello@qq.com', '3', null, '1', '1561731184050', '1', '1561731184050', '1', '0'), ('140', 'admin_27', '1821400115a7d64453ac89b7e3b18888', 'admin_27_11e978a4-8d9d-4300-9826-e1e7eb46ea08', '0', '13812341234', 'hello@qq.com', '3', null, '1', '1561731184068', '1', '1561731184068', '1', '0'), ('141', 'admin_28', 'ef657e680e898c373d51ad25f29d6a32', 'admin_28_c82f4d85-c51a-4e5e-aa89-0d8cbed234c3', '0', '13812341234', 'hello@qq.com', '3', null, '1', '1561731184082', '1', '1561731184082', '1', '0'), ('142', 'admin_29', '209e4bb927ecb8e6eff8e7175471e909', 'admin_29_3817d0ef-4821-444c-99ea-8b5609fba416', '0', '13812341234', 'hello@qq.com', '3', null, '1', '1561731184099', '1', '1561731184099', '1', '0'), ('143', 'admin_30', 'd9e1d05fb0c868322ba0ae33493f8aa8', 'admin_30_bb56e53e-a5e9-4a04-ac59-3a376db2ea24', '0', '13812341234', 'hello@qq.com', '3', null, '1', '1561731184115', '1', '1561731184115', '1', '0'), ('144', 'admin_31', 'a9baa8ffb88f53961b18518c997cd6cd', 'admin_31_21c9a836-432b-449a-937f-6d8e7eddbe95', '0', '13812341234', 'hello@qq.com', '3', null, '1', '1561731184138', '1', '1561731184138', '1', '0'), ('145', 'admin_32', '3c6432bf5b3a52b52e2fa82d9268dc4c', 'admin_32_8fbdbf5a-b4cf-4477-9f0e-7644f78a63b5', '0', '13812341234', 'hello@qq.com', '3', null, '1', '1561731184162', '1', '1561731184162', '1', '0'), ('146', 'admin_33', '4937f190a8887f83771c04ebb566adb5', 'admin_33_a76af394-60e4-4675-aaaa-fb89f604de14', '0', '13812341234', 'hello@qq.com', '3', null, '1', '1561731184187', '1', '1561731184187', '1', '0'), ('147', 'admin_34', '024bef9c66b587d62e027d5334d304cd', 'admin_34_66aa1d9a-9550-41ea-b218-ac37b4cce926', '0', '13812341234', 'hello@qq.com', '3', null, '1', '1561731184209', '1', '1561731184209', '1', '0'), ('148', 'admin_35', '3e4b283c556a09edfad807818c4b5c57', 'admin_35_fa6ac0bb-235e-4976-89f1-8eb6123edf3b', '0', '13812341234', 'hello@qq.com', '3', null, '1', '1561731184228', '1', '1561731184228', '1', '0'), ('149', 'admin_36', '0a5a01cd4797f384b360000cb80c2cb6', 'admin_36_bfa74e7c-f1cc-4ba6-b544-0814e6c27313', '0', '13812341234', 'hello@qq.com', '3', null, '1', '1561731184248', '1', '1561731184248', '1', '0'), ('150', 'admin_37', '03123656de5b11eff001eaa435704b64', 'admin_37_4520bae6-0462-404b-b714-d137ce1369fc', '0', '13812341234', 'hello@qq.com', '3', null, '1', '1561731184282', '1', '1561731184282', '1', '0'), ('151', 'admin_38', 'fb172f821e76dd298fe3792c930ecacb', 'admin_38_276b10cf-0c3d-402e-878a-553246d06640', '0', '13812341234', 'hello@qq.com', '3', null, '1', '1561731184300', '1', '1561731184300', '1', '0'), ('152', 'admin_39', '460c1e94f1f728b9e3336e13ed91b058', 'admin_39_09dc32d2-024b-4058-aa07-0973fa739b39', '0', '13812341234', 'hello@qq.com', '3', null, '1', '1561731184314', '1', '1561731184314', '1', '0'), ('153', 'admin_40', '3f5d401f6b19f152297f73bca03734f0', 'admin_40_39b5332c-e3d6-4ffc-ba11-91d9baf64926', '0', '13812341234', 'hello@qq.com', '3', null, '1', '1561731184331', '1', '1561731184331', '1', '0'), ('154', 'admin_41', '7cc34bc7704e8ad7d0c7cd7f553cc515', 'admin_41_44a8a1ba-c0a2-4441-add3-69301f829b99', '0', '13812341234', 'hello@qq.com', '3', null, '1', '1561731184351', '1', '1561731184351', '1', '0'), ('155', 'admin_42', 'b65f7426e4769820f0157e419c75df60', 'admin_42_c886ec06-e19c-47b5-8f52-1fcfd8e9db66', '0', '13812341234', 'hello@qq.com', '3', null, '1', '1561731184372', '1', '1561731184372', '1', '0'), ('156', 'admin_43', '67774b44156ba26551edd933b370d97e', 'admin_43_a3cd9ef9-7d6d-4015-b89d-94901e4c4c0e', '0', '13812341234', 'hello@qq.com', '3', null, '1', '1561731184393', '1', '1561731184393', '1', '0'), ('157', 'admin_44', '33298efb020214c7700b6999363d9168', 'admin_44_9fe04785-7b48-4de9-9f45-7c39b901802c', '0', '13812341234', 'hello@qq.com', '3', null, '1', '1561731184415', '1', '1561731184415', '1', '0'), ('158', 'admin_45', '45601f1ab517f34e9de7d615d62c73f4', 'admin_45_97aa0cf6-07f4-4ca7-a2a1-8077c6dc3ca7', '0', '13812341234', 'hello@qq.com', '3', null, '1', '1561731184436', '1', '1561731184436', '1', '0'), ('159', 'admin_46', '1ad626fcfc9371b46a34861b19b0b924', 'admin_46_c575cff0-c327-4f75-ada1-2e37dfac0c45', '0', '13812341234', 'hello@qq.com', '3', null, '1', '1561731184463', '1', '1561731184463', '1', '0'), ('160', 'admin_47', '2d682053b11ec02934f7fb54d53f4ee9', 'admin_47_3ace5970-cd7f-4d9e-83ab-930b2107a307', '0', '13812341234', 'hello@qq.com', '3', null, '1', '1561731184490', '1', '1561731184490', '1', '0'), ('161', 'admin_48', '8ac562acd791201de7447754b9fceac3', 'admin_48_c7dfcdd1-e63d-41b1-8e4a-4fc2db7ea42b', '0', '13812341234', 'hello@qq.com', '3', null, '1', '1561731184508', '1', '1561731184508', '1', '0'), ('162', 'admin_49', '663fa5e59c5bf97e785f5d4d5646c736', 'admin_49_28b928c6-dfb6-4285-ba33-67cac63e768c', '0', '13812341234', 'hello@qq.com', '3', null, '1', '1561731184524', '1', '1561731184524', '1', '0'), ('163', 'admin_50', '8bc20d3c6d65516f2a40d6fe5a52cec6', 'admin_50_f97f2eab-a329-40de-bdfb-41a3e4454360', '0', '13812341234', 'hello@qq.com', '3', null, '1', '1561731184539', '1', '1561731184539', '1', '0'), ('164', 'admin_51', '6398389a5f254aede5922bbc9f7d8e0b', 'admin_51_ac9945e3-81c5-432a-8600-ca8a504d8137', '0', '13812341234', 'hello@qq.com', '3', null, '1', '1561731184558', '1', '1561731184558', '1', '0'), ('165', 'admin_52', '28d29dcf4bfae252af565d6e2f119e03', 'admin_52_5051bd43-47d9-4c0e-abda-1ca099348f6a', '0', '13812341234', 'hello@qq.com', '3', null, '1', '1561731184580', '1', '1561731184580', '1', '0'), ('166', 'admin_53', '54fec30e4731c130ed6b0435e0a019fa', 'admin_53_85bc6488-9657-4b2e-b840-99094ef86b0c', '0', '13812341234', 'hello@qq.com', '3', null, '1', '1561731184602', '1', '1561731184602', '1', '0'), ('167', 'admin_54', '62d3b04a1d6848b61328a9e7d1da115c', 'admin_54_b1cc39d7-b009-485b-9a70-7f694aa81032', '0', '13812341234', 'hello@qq.com', '3', null, '1', '1561731184631', '1', '1561731184631', '1', '0'), ('168', 'admin_55', '8636c62eba48eedf386ee5c81e67b4e5', 'admin_55_0394c247-3aa9-4d99-859b-d19d25bb558a', '0', '13812341234', 'hello@qq.com', '3', null, '1', '1561731184649', '1', '1561731184649', '1', '0'), ('169', 'admin_56', '5caf689b43d9642cb11dfb983d264af5', 'admin_56_ae2fa5e3-7f7d-402c-b164-77f896c175ef', '0', '13812341234', 'hello@qq.com', '3', null, '1', '1561731184667', '1', '1561731184667', '1', '0'), ('170', 'admin_57', 'baa8bb81b3595704c6bf165d7c245bd1', 'admin_57_75a6989d-fa50-40ed-9598-deca20df40a9', '0', '13812341234', 'hello@qq.com', '3', null, '1', '1561731184680', '1', '1561731184680', '1', '0'), ('171', 'admin_58', '10eac5934651aa88efca46fd15634684', 'admin_58_f7b9dde4-b095-4edb-83ce-9c1de96bda67', '0', '13812341234', 'hello@qq.com', '3', null, '1', '1561731184696', '1', '1561731184696', '1', '0'), ('172', 'admin_59', 'ead84ca4c6d05ccd82b25d86eb6475cf', 'admin_59_fef31506-0fee-45b0-86dc-1cbb1a343a69', '0', '13812341234', 'hello@qq.com', '3', null, '1', '1561731184714', '1', '1561731184714', '1', '0'), ('173', 'admin_60', '9695546a82b94c41bca34d834ad9ada1', 'admin_60_6b3bc069-53f1-43d2-acfc-9d2ff4d5bee8', '0', '13812341234', 'hello@qq.com', '3', null, '1', '1561731184734', '1', '1561731184734', '1', '0'), ('174', 'admin_61', '1c038473195f1c5859e3e3f491fba82c', 'admin_61_a25f6587-a94a-4260-a509-49e05dc4ae3f', '0', '13812341234', 'hello@qq.com', '3', null, '1', '1561731184756', '1', '1561731184756', '1', '0'), ('175', 'admin_62', 'b6570d4fdd48953d75583998703bdf7c', 'admin_62_925f463b-0033-410f-a194-230f1264dfdf', '0', '13812341234', 'hello@qq.com', '3', null, '1', '1561731184775', '1', '1561731184775', '1', '0'), ('176', 'admin_63', '48e436063ccb8707cb420d789f2cce0a', 'admin_63_a1786f20-43ef-41b3-b0a2-1c922915a8bf', '0', '13812341234', 'hello@qq.com', '3', null, '1', '1561731184801', '1', '1561731184801', '1', '0'), ('177', 'admin_64', 'fc7f976f0db1adf150c5342eb7ba60f2', 'admin_64_3b710260-de5c-488a-808b-0a815a81ae74', '0', '13812341234', 'hello@qq.com', '3', null, '1', '1561731184826', '1', '1561731184826', '1', '0'), ('178', 'admin_65', '1d9b01636c1375c475f89a37de3d70cd', 'admin_65_0c99a701-6d56-4788-aaa7-7ce31183e4a3', '0', '13812341234', 'hello@qq.com', '3', null, '1', '1561731184853', '1', '1561731184853', '1', '0'), ('179', 'admin_66', '3cf95cc3418e50ddf6351dea41dc8ae9', 'admin_66_54185ddb-d61e-4539-9f99-2d69ff4f5561', '0', '13812341234', 'hello@qq.com', '3', null, '1', '1561731184871', '1', '1561731184871', '1', '0'), ('180', 'admin_67', 'a23e6b2241fb2d03a3797d3ab189acdd', 'admin_67_d219c365-309e-4cca-9abc-538c957f4326', '0', '13812341234', 'hello@qq.com', '3', null, '1', '1561731184886', '1', '1561731184886', '1', '0'), ('181', 'admin_68', '0d678989e217062944a37f4783e5fff3', 'admin_68_cc62973f-d917-46d2-8f93-1bff61bc8fc2', '0', '13812341234', 'hello@qq.com', '3', null, '1', '1561731184902', '1', '1561731184902', '1', '0'), ('182', 'admin_69', '0b8e42541bdfe18f4306ccb1194eebd4', 'admin_69_d1422da1-75ac-4520-a0d0-fc5ab8df7b79', '0', '13812341234', 'hello@qq.com', '3', null, '1', '1561731184916', '1', '1561731184916', '1', '0'), ('183', 'admin_70', '9eca1580ae6959b67f3259bf4bdd49ac', 'admin_70_dd46a920-f34e-49fb-8844-10901e53bfa0', '0', '13812341234', 'hello@qq.com', '3', null, '1', '1561731184931', '1', '1561731184931', '1', '0'), ('184', 'admin_71', '1ad0ef819dce1fa316e9f6f885f87f6a', 'admin_71_93457ff3-4ee1-4594-85c9-474298bfe9af', '0', '13812341234', 'hello@qq.com', '3', null, '1', '1561731184945', '1', '1561731184945', '1', '0'), ('185', 'admin_72', 'a3fe69609fa808f26291f76eb81d8097', 'admin_72_330f15d3-85fd-4099-bac2-677eea4be1fb', '0', '13812341234', 'hello@qq.com', '3', null, '1', '1561731184965', '1', '1561731184965', '1', '0'), ('186', 'admin_73', '71e6193bfda81366f9d3813f0d69b220', 'admin_73_82b02668-bafb-414d-b77f-15a052615382', '0', '13812341234', 'hello@qq.com', '3', null, '1', '1561731184990', '1', '1561731184990', '1', '0'), ('187', 'admin_74', '3feeba97f892756193e316a588e9f387', 'admin_74_b3622b83-7f91-4a98-b015-6d701f9e36a6', '0', '13812341234', 'hello@qq.com', '3', null, '1', '1561731185009', '1', '1561731185009', '1', '0'), ('188', 'admin_75', '04e20d77d6b327c35188c7b439159d33', 'admin_75_f40af721-b37c-4d53-97de-65ed70e98565', '0', '13812341234', 'hello@qq.com', '3', null, '1', '1561731185036', '1', '1561731185036', '1', '0'), ('189', 'admin_76', '96f84ad51d92fbfad28f1d241b7b3364', 'admin_76_349a9072-7301-4ce8-b9d3-fd3fbba5e859', '0', '13812341234', 'hello@qq.com', '3', null, '1', '1561731185056', '1', '1561731185056', '1', '0'), ('190', 'admin_77', '7124fa703c69a263eaba08f67313df26', 'admin_77_4e5bf71b-316d-418a-a920-f892aa4b8e76', '0', '13812341234', 'hello@qq.com', '3', null, '1', '1561731185080', '1', '1561731185080', '1', '0'), ('191', 'admin_78', '6adf92a30b023a8a3be9ac7f969863b1', 'admin_78_7b1744be-845b-49fd-b6cf-e9889d5d0c8b', '0', '13812341234', 'hello@qq.com', '3', null, '1', '1561731185097', '1', '1561731185097', '1', '0'), ('192', 'admin_79', '70f75572efca8d7ae4fbcf14c92160a5', 'admin_79_9a6c7ea6-65a3-4167-9c5b-f9789fb5b16f', '0', '13812341234', 'hello@qq.com', '3', null, '1', '1561731185111', '1', '1561731185111', '1', '0'), ('193', 'admin_80', '426aab9ead498165c4a0207f150e847d', 'admin_80_52e04d16-bde3-4dd2-afb0-98a0bcb8a979', '0', '13812341234', 'hello@qq.com', '3', null, '1', '1561731185128', '1', '1561731185128', '1', '0'), ('194', 'admin_81', '857af2e6fc87be3f987a1c3eb79a93e5', 'admin_81_e00dd867-ceb8-4a1f-963b-59f3f2e05988', '0', '13812341234', 'hello@qq.com', '3', null, '1', '1561731185143', '1', '1561731185143', '1', '0'), ('195', 'admin_82', '720963bf67857f2d4f48cc6c0da8879f', 'admin_82_b2922810-0513-40ae-84e4-a6698ff83ff5', '0', '13812341234', 'hello@qq.com', '3', null, '1', '1561731185158', '1', '1561731185158', '1', '0'), ('196', 'admin_83', '100a74960b4a4d3443de15936a2e6169', 'admin_83_79d0db1a-f09d-4562-a9e5-0ea2185011f5', '0', '13812341234', 'hello@qq.com', '3', null, '1', '1561731185178', '1', '1561731185178', '1', '0'), ('197', 'admin_84', '8f7055dbc625e44f1066488bd7fe7d84', 'admin_84_3267df46-5679-466a-b2fa-5eddc4ec5fce', '0', '13812341234', 'hello@qq.com', '3', null, '1', '1561731185198', '1', '1561731185198', '1', '0'), ('198', 'admin_85', '4be4da1b63173a6dc30d411f91911f86', 'admin_85_6b1a4e87-c2a1-46ab-8449-3a8099b04d00', '0', '13812341234', 'hello@qq.com', '3', null, '1', '1561731185221', '1', '1561731185221', '1', '0'), ('199', 'admin_86', 'e6f53152faa9a233a74c657e6ce53389', 'admin_86_33a32f75-60cb-43c9-8f4d-cf348b1694c5', '0', '13812341234', 'hello@qq.com', '3', null, '1', '1561731185248', '1', '1561731185248', '1', '0'), ('200', 'admin_87', '518c902839b663edcbdbd96577141afc', 'admin_87_98544e09-1d0e-4553-98c6-e50e1a557f6d', '0', '13812341234', 'hello@qq.com', '3', null, '1', '1561731185276', '1', '1561731185276', '1', '0'), ('201', 'admin_88', '1d90eeb57d384e9a3dc3d3e3a3369d59', 'admin_88_9d7f4a56-6acd-4bc0-8bc6-7f004568a045', '0', '13812341234', 'hello@qq.com', '3', null, '1', '1561731185300', '1', '1561731185300', '1', '0'), ('202', 'admin_89', '8b7575abd9cc9030bed6277043bc2cd0', 'admin_89_397831e0-2414-4fc6-a65e-39323610cbb6', '0', '13812341234', 'hello@qq.com', '3', null, '1', '1561731185315', '1', '1561731185315', '1', '0'), ('203', 'admin_90', '34047548a9bb36f4ac9927225979c2ec', 'admin_90_0d8a2fdd-47b1-49c5-8f7c-d59125d45f9d', '0', '13812341234', 'hello@qq.com', '3', null, '1', '1561731185328', '1', '1561731185328', '1', '0'), ('204', 'admin_91', 'e4bd39dbb421b4bdd014738e3564754d', 'admin_91_a3d5e57b-2c81-4159-87e4-0b77dfb31aac', '0', '13812341234', 'hello@qq.com', '3', null, '1', '1561731185345', '1', '1561731185345', '1', '0'), ('205', 'admin_92', '9a81ce4238728cd1dc867d5f619b5b35', 'admin_92_a36fd843-7378-4983-a013-56576598f56b', '0', '13812341234', 'hello@qq.com', '3', null, '1', '1561731185364', '1', '1561731185364', '1', '0'), ('206', 'admin_93', '40ad08138063a41dff66e2fb75331364', 'admin_93_38518715-e582-47ef-81bf-df10e05ddee1', '0', '13812341234', 'hello@qq.com', '3', null, '1', '1561731185385', '1', '1561731185385', '1', '0'), ('207', 'admin_94', '8296e54503a03dc858423b4982f7741f', 'admin_94_a460b6df-b0a8-4db8-9069-5d2b6906f190', '0', '13812341234', 'hello@qq.com', '3', null, '1', '1561731185405', '1', '1561731185405', '1', '0'), ('208', 'admin_95', 'f3c862dd0588649db719c31fea6c1162', 'admin_95_95b41429-7d9f-46a9-a683-f84917406a88', '0', '13812341234', 'hello@qq.com', '3', null, '1', '1561731185436', '1', '1561731185436', '1', '0'), ('209', 'admin_96', 'c1a5b5f63b74a4481019878ed9e1b491', 'admin_96_acda3943-bd70-4e70-809d-68217457c992', '0', '13812341234', 'hello@qq.com', '3', null, '1', '1561731185459', '1', '1561731185459', '1', '0'), ('210', 'admin_97', '435b3dffd3238707769014459a2e2af7', 'admin_97_ad7efb5e-50a3-4360-a4cc-9b74ca5554ab', '0', '13812341234', 'hello@qq.com', '3', null, '1', '1561731185476', '1', '1561731185476', '1', '0'), ('211', 'admin_98', 'c7a7b583907e6fa41ef349f1dbff6d5e', 'admin_98_19df6dc2-6d03-4b8a-b55b-9bfc645e7bc1', '0', '13812341234', 'hello@qq.com', '3', null, '1', '1561731185494', '1', '1561731185494', '1', '0'), ('212', 'admin_99', '4225ecb0d0b6dfab35d5a8e1bb4bb8c5', 'admin_99_3af1b7f9-69a4-4877-8446-96eaa0cfc1e1', '0', '13812341234', 'hello@qq.com', '3', null, '1', '1561731185508', '1', '1561731185508', '1', '0');
COMMIT;

-- ----------------------------
--  Table structure for `ddc_authority`
-- ----------------------------
DROP TABLE IF EXISTS `ddc_authority`;
CREATE TABLE `ddc_authority` (
  `id` bigint(20) NOT NULL AUTO_INCREMENT,
  `name` varchar(20) COLLATE utf8_bin NOT NULL COMMENT '权限名称',
  `flag` varchar(255) COLLATE utf8_bin NOT NULL COMMENT '权限标识',
  `p_id` bigint(20) NOT NULL DEFAULT '0' COMMENT '上级权限 顶级权限的上级权限是 0',
  `level` tinyint(2) NOT NULL DEFAULT '2' COMMENT '级别 0 模块权限 1 菜单权限 2 操作权限 默认是2',
  `auth_level` tinyint(2) DEFAULT '3' COMMENT '权限级别   1 超级管理员权限 2 管理员权限 3 普通权限',
  `menu_url` varchar(255) COLLATE utf8_bin DEFAULT NULL COMMENT '菜单地址 页面级权限特有 ',
  `create_by` bigint(20) NOT NULL COMMENT '创建人',
  `create_time` bigint(20) NOT NULL COMMENT '创建时间',
  `update_by` bigint(20) DEFAULT NULL COMMENT '修改人',
  `update_time` bigint(20) DEFAULT NULL COMMENT '修改时间',
  `del_flag` tinyint(2) NOT NULL DEFAULT '0' COMMENT '删除标志 0 未删除 1 已删除 默认 0',
  PRIMARY KEY (`id`) USING BTREE,
  UNIQUE KEY `flag` (`flag`) USING BTREE
) ENGINE=InnoDB AUTO_INCREMENT=25 DEFAULT CHARSET=utf8 COLLATE=utf8_bin ROW_FORMAT=DYNAMIC;

-- ----------------------------
--  Records of `ddc_authority`
-- ----------------------------
BEGIN;
INSERT INTO `ddc_authority` VALUES ('1', '资讯管理', 'ZXGL', '0', '1', '3', null, '0', '1560617023429', '0', '1560617023429', '0'), ('2', '评论管理', 'PLGL', '0', '1', '3', null, '0', '1560617024539', '0', '1560617024539', '0'), ('3', '会员管理', 'HYGL', '0', '1', '3', null, '0', '1560617024573', '0', '1560617024573', '0'), ('4', '管理员管理', 'GLYGL', '0', '1', '3', null, '0', '1560617024640', '0', '1560617024640', '0'), ('5', '数据统计', 'SJTJ', '0', '1', '3', null, '0', '1560617024707', '0', '1560617024707', '0'), ('6', '系统管理', 'XTGL', '0', '1', '3', null, '0', '1560617024738', '0', '1560617024738', '0'), ('7', '资讯列表', 'ZXGL-ZXLB', '1', '2', '3', null, '0', '1560618105944', '0', '1560618105944', '0'), ('8', '图片管理', 'ZXGL-TPGL', '1', '2', '3', null, '0', '1560618107053', '0', '1560618107053', '0'), ('9', '栏目管理', 'ZXGL-LMGL', '1', '2', '3', '/page/column', '0', '1560618107082', '1', '1561535927195', '0'), ('10', '分类管理', 'ZXGL-FLGL', '1', '2', '3', null, '0', '1560618107152', '0', '1560618107152', '0'), ('11', '意见反馈', 'PLGL-YJFK', '2', '2', '3', '/page/suggestings', '0', '1560618107219', '1', '1561727115548', '0'), ('12', '会员列表', 'PLGL-HYLB', '3', '2', '3', null, '0', '1560618107249', '0', '1560618107249', '0'), ('13', '浏览记录', 'PLGL-LLJL', '3', '2', '3', null, '0', '1560618107285', '0', '1560618107285', '0'), ('14', '管理员列表', 'GLYGL-GLYLB', '4', '2', '3', '/page/admin', '0', '1560618107314', '1', '1561715003382', '0'), ('15', '角色列表', 'GLYGL-JSLB', '4', '2', '2', '/page/role', '0', '1560618107350', '1', '1561727076249', '0'), ('16', '权限列表', 'GLYGL-QXLB', '4', '2', '1', '/page/auth', '0', '1560618107381', '1', '1561727046584', '0'), ('17', '活跃用户统计', 'SJTJ-HYYH', '5', '2', '3', null, '0', '1560618107417', '0', '1560618107417', '0'), ('18', '浏览记录统计', 'SJTJ-LJL', '5', '2', '3', null, '0', '1560618107447', '0', '1560618107447', '0'), ('19', '系统日志', 'XTGL-XTRZ', '6', '2', '3', null, '0', '1560618107515', '0', '1560618107515', '0'), ('23', '添加', 'HYGL-HYLB-ADD', '12', '3', '3', '', '1', '1561620314156', '1', '1561620314157', '0'), ('24', '修改', 'HYGL-HYLB-EDIT', '12', '3', '3', '', '1', '1561620370225', '1', '1561620370225', '0');
COMMIT;

-- ----------------------------
--  Table structure for `ddc_role`
-- ----------------------------
DROP TABLE IF EXISTS `ddc_role`;
CREATE TABLE `ddc_role` (
  `id` bigint(20) NOT NULL AUTO_INCREMENT,
  `name` varchar(25) COLLATE utf8_bin NOT NULL COMMENT '角色名称',
  `remark` varchar(255) COLLATE utf8_bin DEFAULT NULL COMMENT '备注',
  `role_level` tinyint(2) DEFAULT '3' COMMENT '角色等级 1 超级管理员角色 2 管理员角色 3 普通角色',
  `create_by` bigint(20) NOT NULL COMMENT '创建人',
  `create_time` bigint(20) NOT NULL COMMENT '创建时间',
  `update_by` bigint(20) DEFAULT NULL COMMENT '更新人',
  `update_time` bigint(20) DEFAULT NULL COMMENT '更新时间',
  `del_flag` tinyint(2) NOT NULL DEFAULT '0' COMMENT '删除标志 0 未删除 1 已删除 默认 0',
  PRIMARY KEY (`id`) USING BTREE,
  UNIQUE KEY `name` (`name`) USING BTREE
) ENGINE=InnoDB AUTO_INCREMENT=7 DEFAULT CHARSET=utf8 COLLATE=utf8_bin ROW_FORMAT=DYNAMIC;

-- ----------------------------
--  Records of `ddc_role`
-- ----------------------------
BEGIN;
INSERT INTO `ddc_role` VALUES ('1', '超级管理员', '所有权限', '1', '0', '1560617023429', '0', '1560617023429', '0'), ('2', 'test1', '1231', '3', '1', '1561447661988', '1', '1561447668805', '0'), ('3', '管理员', '管理员角色', '2', '1', '1561619306080', '1', '1561636710683', '0'), ('5', '123', '123', '3', '1', '1561632678844', '1', '1561651314212', '0');
COMMIT;

-- ----------------------------
--  Table structure for `ddc_suggestings`
-- ----------------------------
DROP TABLE IF EXISTS `ddc_suggestings`;
CREATE TABLE `ddc_suggestings` (
  `id` bigint(20) NOT NULL AUTO_INCREMENT,
  `username` varchar(25) COLLATE utf8_bin NOT NULL COMMENT '用户名',
  `sex` tinyint(2) NOT NULL DEFAULT '2' COMMENT '性别 0 男 1 女 2 保密 默认保密',
  `mobile` varchar(20) COLLATE utf8_bin NOT NULL COMMENT '手机号',
  `email` varchar(255) COLLATE utf8_bin NOT NULL COMMENT '邮箱',
  `path` varchar(255) COLLATE utf8_bin DEFAULT '' COMMENT '附件地址 ',
  `city` tinyint(4) DEFAULT NULL COMMENT '城市ID',
  `remark` varchar(255) COLLATE utf8_bin DEFAULT NULL COMMENT '留言内容',
  `create_time` bigint(20) NOT NULL,
  `create_by` bigint(20) NOT NULL,
  `update_time` bigint(20) DEFAULT NULL,
  `update_by` bigint(20) DEFAULT NULL,
  `del_flag` tinyint(2) NOT NULL,
  PRIMARY KEY (`id`) USING BTREE
) ENGINE=InnoDB AUTO_INCREMENT=102 DEFAULT CHARSET=utf8 COLLATE=utf8_bin ROW_FORMAT=DYNAMIC;

-- ----------------------------
--  Records of `ddc_suggestings`
-- ----------------------------
BEGIN;
INSERT INTO `ddc_suggestings` VALUES ('14', 'user13', '1', '13412341234', 'hello@qq.cm', '', '1', 'hello ddc123123', '1560954599870', '0', '1561035983423', '1139946923277545474', '0'), ('15', 'user14', '2', '13412341234', 'hello@qq.cm', '', '1', 'hello ddc', '1560954599896', '0', '1560954599896', '0', '0'), ('16', 'user15', '2', '13412341234', 'hello@qq.cm', '', '1', 'hello ddc', '1560954599925', '0', '1560954599925', '0', '0'), ('17', 'user16', '2', '13412341234', 'hello@qq.cm', '', '1', 'hello ddc', '1560954599952', '0', '1560954599952', '0', '0'), ('18', 'user17', '2', '13412341234', 'hello@qq.cm', '', '1', 'hello ddc', '1560954599981', '0', '1560954599981', '0', '0'), ('19', 'user18', '2', '13412341234', 'hello@qq.cm', '', '1', 'hello ddc', '1560954600007', '0', '1560954600007', '0', '0'), ('20', 'user19', '2', '13412341234', 'hello@qq.cm', '', '1', 'hello ddc', '1560954600036', '0', '1560954600036', '0', '0'), ('21', 'user20', '2', '13412341234', 'hello@qq.cm', '', '1', 'hello ddc', '1560954600095', '0', '1560954600095', '0', '0'), ('22', 'user21', '2', '13412341234', 'hello@qq.cm', '', '1', 'hello ddc', '1560954600150', '0', '1560954600150', '0', '0'), ('23', 'user22', '2', '13412341234', 'hello@qq.cm', '', '1', 'hello ddc', '1560954600181', '0', '1560954600181', '0', '0'), ('24', 'user23', '2', '13412341234', 'hello@qq.cm', '', '1', 'hello ddc', '1560954600205', '0', '1560954600205', '0', '0'), ('25', 'user24', '2', '13412341234', 'hello@qq.cm', '', '1', 'hello ddc', '1560954600236', '0', '1560954600236', '0', '0'), ('26', 'user25', '2', '13412341234', 'hello@qq.cm', '', '1', 'hello ddc', '1560954600261', '0', '1560954600261', '0', '0'), ('27', 'user26', '2', '13412341234', 'hello@qq.cm', '', '1', 'hello ddc', '1560954600291', '0', '1560954600291', '0', '0'), ('28', 'user27', '2', '13412341234', 'hello@qq.cm', '', '1', 'hello ddc', '1560954600327', '0', '1560954600327', '0', '0'), ('29', 'user28', '2', '13412341234', 'hello@qq.cm', '', '1', 'hello ddc', '1560954600357', '0', '1560954600357', '0', '0'), ('30', 'user29', '2', '13412341234', 'hello@qq.cm', '', '1', 'hello ddc', '1560954600383', '0', '1560954600383', '0', '0'), ('31', 'user30', '2', '13412341234', 'hello@qq.cm', '', '1', 'hello ddc', '1560954600413', '0', '1560954600413', '0', '0'), ('32', 'user31', '2', '13412341234', 'hello@qq.cm', '', '1', 'hello ddc', '1560954600438', '0', '1560954600438', '0', '0'), ('33', 'user32', '2', '13412341234', 'hello@qq.cm', '', '1', 'hello ddc', '1560954600469', '0', '1560954600469', '0', '0'), ('34', 'user33', '2', '13412341234', 'hello@qq.cm', '', '1', 'hello ddc', '1560954600494', '0', '1560954600494', '0', '0'), ('35', 'user34', '2', '13412341234', 'hello@qq.cm', '', '1', 'hello ddc', '1560954600524', '0', '1561035844084', '1139946923277545474', '0'), ('36', 'user35', '2', '13412341234', 'hello@qq.cm', '', '1', 'hello ddc', '1560954600549', '0', '1560954600549', '0', '0'), ('37', 'user36', '2', '13412341234', 'hello@qq.cm', '', '1', 'hello ddc', '1560954600601', '0', '1560954600601', '0', '0'), ('38', 'user37', '2', '13412341234', 'hello@qq.cm', '', '1', 'hello ddc', '1560954600646', '0', '1560954600646', '0', '0'), ('39', 'user38', '2', '13412341234', 'hello@qq.cm', '', '1', 'hello ddc', '1560954600671', '0', '1560954600671', '0', '0'), ('40', 'user39', '2', '13412341234', 'hello@qq.cm', '', '1', 'hello ddc', '1560954600701', '0', '1560954600701', '0', '0'), ('41', 'user40', '2', '13412341234', 'hello@qq.cm', '', '1', 'hello ddc', '1560954600726', '0', '1560954600726', '0', '0'), ('42', 'user41', '2', '13412341234', 'hello@qq.cm', '', '1', 'hello ddc', '1560954600756', '0', '1560954600756', '0', '0'), ('43', 'user42', '2', '13412341234', 'hello@qq.cm', '', '1', 'hello ddc', '1560954600781', '0', '1560954600781', '0', '0'), ('44', 'user43', '2', '13412341234', 'hello@qq.cm', '', '1', 'hello ddc', '1560954600813', '0', '1560954600813', '0', '0'), ('45', 'user44', '2', '13412341234', 'hello@qq.cm', '', '1', 'hello ddc', '1560954600837', '0', '1560954600837', '0', '0'), ('46', 'user45', '2', '13412341234', 'hello@qq.cm', '', '1', 'hello ddc', '1560954600859', '0', '1560954600859', '0', '0'), ('47', 'user46', '2', '13412341234', 'hello@qq.cm', '', '1', 'hello ddc', '1560954600889', '0', '1560954600889', '0', '0'), ('48', 'user47', '2', '13412341234', 'hello@qq.cm', '', '1', 'hello ddc', '1560954600914', '0', '1560954600914', '0', '0'), ('49', 'user48', '2', '13412341234', 'hello@qq.cm', '', '1', 'hello ddc', '1560954600943', '0', '1560954600943', '0', '0'), ('50', 'user49', '2', '13412341234', 'hello@qq.cm', '', '1', 'hello ddc', '1560954600969', '0', '1560954600969', '0', '0'), ('51', 'user50', '2', '13412341234', 'hello@qq.cm', '', '1', 'hello ddc', '1560954600999', '0', '1560954600999', '0', '0'), ('52', 'user51', '2', '13412341234', 'hello@qq.cm', '', '1', 'hello ddc', '1560954601025', '0', '1560954601025', '0', '0'), ('53', 'user52', '2', '13412341234', 'hello@qq.cm', '', '1', 'hello ddc', '1560954601055', '0', '1560954601055', '0', '0'), ('54', 'user53', '2', '13412341234', 'hello@qq.cm', '', '1', 'hello ddc', '1560954601080', '0', '1560954601080', '0', '0'), ('55', 'user54', '2', '13412341234', 'hello@qq.cm', '', '1', 'hello ddc', '1560954601110', '0', '1560954601110', '0', '0'), ('56', 'user55', '2', '13412341234', 'hello@qq.cm', '', '1', 'hello ddc', '1560954601137', '0', '1560954601137', '0', '0'), ('57', 'user56', '2', '13412341234', 'hello@qq.cm', '', '1', 'hello ddc', '1560954601169', '0', '1560954601169', '0', '0'), ('58', 'user57', '2', '13412341234', 'hello@qq.cm', '', '1', 'hello ddc', '1560954601200', '0', '1560954601200', '0', '0'), ('59', 'user58', '2', '13412341234', 'hello@qq.cm', '', '1', 'hello ddc', '1560954601224', '0', '1560954601224', '0', '0'), ('60', 'user59', '2', '13412341234', 'hello@qq.cm', '', '1', 'hello ddc', '1560954601254', '0', '1560954601254', '0', '0'), ('61', 'user60', '2', '13412341234', 'hello@qq.cm', '', '1', 'hello ddc', '1560954601280', '0', '1560954601280', '0', '0'), ('62', 'user61', '2', '13412341234', 'hello@qq.cm', '', '1', 'hello ddc', '1560954601309', '0', '1560954601309', '0', '0'), ('63', 'user62', '2', '13412341234', 'hello@qq.cm', '', '1', 'hello ddc', '1560954601334', '0', '1560954601334', '0', '0'), ('64', 'user63', '2', '13412341234', 'hello@qq.cm', '', '1', 'hello ddc', '1560954601356', '0', '1560954601356', '0', '0'), ('65', 'user64', '2', '13412341234', 'hello@qq.cm', '', '1', 'hello ddc', '1560954601387', '0', '1560954601387', '0', '0'), ('66', 'user65', '2', '13412341234', 'hello@qq.cm', '', '1', 'hello ddc', '1560954601412', '0', '1560954601412', '0', '0'), ('67', 'user66', '2', '13412341234', 'hello@qq.cm', '', '1', 'hello ddc', '1560954601442', '0', '1560954601442', '0', '0'), ('68', 'user67', '2', '13412341234', 'hello@qq.cm', '', '1', 'hello ddc', '1560954601467', '0', '1560954601467', '0', '0'), ('69', 'user68', '2', '13412341234', 'hello@qq.cm', '', '1', 'hello ddc', '1560954601497', '0', '1560954601497', '0', '0'), ('70', 'user69', '2', '13412341234', 'hello@qq.cm', '', '1', 'hello ddc', '1560954601523', '0', '1560954601523', '0', '0'), ('71', 'user70', '2', '13412341234', 'hello@qq.cm', '', '1', 'hello ddc', '1560954601553', '0', '1560954601553', '0', '0'), ('72', 'user71', '2', '13412341234', 'hello@qq.cm', '', '1', 'hello ddc', '1560954601579', '0', '1560954601579', '0', '0'), ('73', 'user72', '2', '13412341234', 'hello@qq.cm', '', '1', 'hello ddc', '1560954601608', '0', '1560954601608', '0', '0'), ('74', 'user73', '2', '13412341234', 'hello@qq.cm', '', '1', 'hello ddc', '1560954601634', '0', '1560954601634', '0', '0'), ('75', 'user74', '2', '13412341234', 'hello@qq.cm', '', '1', 'hello ddc', '1560954601664', '0', '1560954601664', '0', '0'), ('76', 'user75', '2', '13412341234', 'hello@qq.cm', '', '1', 'hello ddc', '1560954601688', '0', '1560954601688', '0', '0'), ('77', 'user76', '2', '13412341234', 'hello@qq.cm', '', '1', 'hello ddc', '1560954601711', '0', '1560954601711', '0', '0'), ('78', 'user77', '2', '13412341234', 'hello@qq.cm', '', '1', 'hello ddc', '1560954601741', '0', '1560954601741', '0', '0'), ('79', 'user78', '2', '13412341234', 'hello@qq.cm', '', '1', 'hello ddc', '1560954601766', '0', '1560954601766', '0', '0'), ('80', 'user79', '2', '13412341234', 'hello@qq.cm', '', '1', 'hello ddc', '1560954601796', '0', '1560954601796', '0', '0'), ('81', 'user80', '2', '13412341234', 'hello@qq.cm', '', '1', 'hello ddc', '1560954601822', '0', '1560954601822', '0', '0'), ('82', 'user81', '2', '13412341234', 'hello@qq.cm', '', '1', 'hello ddc', '1560954601852', '0', '1560954601852', '0', '0'), ('83', 'user82', '2', '13412341234', 'hello@qq.cm', '', '1', 'hello ddc', '1560954601877', '0', '1560954601877', '0', '0'), ('84', 'user83', '2', '13412341234', 'hello@qq.cm', '', '1', 'hello ddc', '1560954601907', '0', '1560954601907', '0', '0'), ('85', 'user84', '2', '13412341234', 'hello@qq.cm', '', '1', 'hello ddc', '1560954601933', '0', '1560954601933', '0', '0'), ('86', 'user85', '2', '13412341234', 'hello@qq.cm', '', '1', 'hello ddc', '1560954601963', '0', '1560954601963', '0', '0'), ('87', 'user86', '2', '13412341234', 'hello@qq.cm', '', '1', 'hello ddc', '1560954601988', '0', '1560954601988', '0', '0'), ('88', 'user87', '2', '13412341234', 'hello@qq.cm', '', '1', 'hello ddc', '1560954602018', '0', '1560954602018', '0', '0'), ('89', 'user88', '2', '13412341234', 'hello@qq.cm', '', '1', 'hello ddc', '1560954602043', '0', '1560954602043', '0', '0'), ('90', 'user89', '2', '13412341234', 'hello@qq.cm', '', '1', 'hello ddc', '1560954602065', '0', '1560954602065', '0', '0'), ('91', 'user90', '2', '13412341234', 'hello@qq.cm', '', '1', 'hello ddc', '1560954602095', '0', '1560954602095', '0', '0'), ('92', 'user91', '2', '13412341234', 'hello@qq.cm', '', '1', 'hello ddc', '1560954602120', '0', '1560954602120', '0', '0'), ('93', 'user92', '2', '13412341234', 'hello@qq.cm', '', '1', 'hello ddc', '1560954602150', '0', '1560954602150', '0', '0'), ('94', 'user93', '2', '13412341234', 'hello@qq.cm', '', '1', 'hello ddc', '1560954602176', '0', '1560954602176', '0', '0'), ('95', 'user94', '2', '13412341234', 'hello@qq.cm', '', '1', 'hello ddc', '1560954602206', '0', '1560954602206', '0', '0'), ('96', 'user95', '2', '13412341234', 'hello@qq.cm', '', '1', 'hello ddc', '1560954602231', '0', '1560954602231', '0', '0'), ('97', 'user96', '2', '13412341234', 'hello@qq.cm', '', '1', 'hello ddc', '1560954602261', '0', '1560954602261', '0', '0'), ('98', 'user97', '2', '13412341234', 'hello@qq.cm', '', '1', 'hello ddc', '1560954602287', '0', '1560954602287', '0', '0'), ('99', 'user98', '2', '13412341234', 'hello@qq.cm', '', '1', 'hello ddc', '1560954602317', '0', '1560954602317', '0', '0'), ('100', 'user99', '2', '13412341234', 'hello@qq.cm', '', '1', 'hello ddc', '1560954602342', '0', '1560954602342', '0', '0'), ('101', 'admin', '0', '15112341234', '123@qq.com', '', null, 'come on ', '1561036210116', '1139946923277545474', '1561036210116', '1139946923277545474', '0');
COMMIT;

SET FOREIGN_KEY_CHECKS = 1;
